Model,Train_RMSE,Train_MAE,Train_R2,Val_RMSE,Val_MAE,Val_R2,Test_RMSE,Test_MAE,Test_R2
XGBoost,1.201429063148984,0.7131083930404496,0.1075923853281856,2.430087486901721,2.047471252561862,-0.007345958494557436,3.648534594234545,2.964759107566827,-0.19152640869497395
LightGBM,0.985520181086227,0.5974650987137469,0.38665130541859405,2.627151798727653,2.1755184693713354,-0.19650357582233458,3.3777592325983963,2.7594629086710434,-0.10336023167644548
Random Forest,1.172484820065066,0.6900790505128326,0.1482590880639857,2.423814495423439,2.067748197523322,-0.0034038461413372634,3.6572961842433243,2.988050465789298,-0.17059617154168327
Ensemble,1.1096738570430302,0.6623189456408739,0.2307260075230806,2.450012038430542,2.082203516094112,-0.029654736756407063,3.519232439079416,2.8780909193459854,-0.12590453753159325
Naive Baseline,1.2574775895309285,0.7625142014601654,-0.00808351937977192,2.4326439983074937,2.009152239029901,-0.017846190547190055,4.042352209005081,3.178787871828849,-0.38860248093689576
